{
    "metrics": {
        "checks": {
            "passes": 10885,
            "fails": 22,
            "value": 0.9979829467314568
        },
        "http_req_waiting": {
            "max": 46960.7438,
            "p(90)": 21342.09882,
            "p(95)": 25986.694109999993,
            "avg": 8814.166141147904,
            "min": 119.2824,
            "med": 4770.2794
        },
        "http_req_blocked": {
            "avg": 5.137512432382876,
            "min": 0,
            "med": 0,
            "max": 1040.9137,
            "p(90)": 0,
            "p(95)": 0
        },
        "http_req_duration": {
            "min": 119.688,
            "med": 4912.5952,
            "max": 46994.5249,
            "p(90)": 22045.04552,
            "p(95)": 26800.081659999996,
            "avg": 9235.30912222428,
            "thresholds": {
                "avg<2000": true,
                "p(95)<5000": true
            }
        },
        "http_req_tls_handshaking": {
            "avg": 0,
            "min": 0,
            "med": 0,
            "max": 0,
            "p(90)": 0,
            "p(95)": 0
        },
        "data_received": {
            "count": 3969198,
            "rate": 12027.798559493063
        },
        "http_req_duration{expected_response:true}": {
            "avg": 9247.803494882888,
            "min": 119.688,
            "med": 4919.1891,
            "max": 46994.5249,
            "p(90)": 22049.423280000003,
            "p(95)": 26814.412679999987
        },
        "data_sent": {
            "count": 4919131,
            "rate": 14906.365657686434
        },
        "vus": {
            "value": 69,
            "min": 69,
            "max": 400
        },
        "http_req_failed": {
            "fails": 10885,
            "passes": 22,
            "thresholds": {
                "rate<0.02": false
            },
            "value": 0.0020170532685431374
        },
        "http_req_receiving": {
            "max": 12527.0752,
            "p(90)": 1082.66572,
            "p(95)": 2112.299589999998,
            "avg": 420.858462620334,
            "min": 0,
            "med": 27.4696
        },
        "iteration_duration": {
            "avg": 74648.40318309006,
            "min": 20800.2025,
            "med": 65424.5356,
            "max": 130779.6519,
            "p(90)": 122804.67395,
            "p(95)": 127124.007545
        },
        "iterations": {
            "count": 1644,
            "rate": 4.98178746230513
        },
        "vus_max": {
            "value": 400,
            "min": 400,
            "max": 400
        },
        "http_req_connecting": {
            "avg": 4.955446401393605,
            "min": 0,
            "med": 0,
            "max": 661.4171,
            "p(90)": 0,
            "p(95)": 0
        },
        "http_req_sending": {
            "max": 1040.9137,
            "p(90)": 0,
            "p(95)": 0.0922699999999988,
            "avg": 0.2845184560374076,
            "min": 0,
            "med": 0
        },
        "http_reqs": {
            "count": 10907,
            "rate": 33.05131134511074
        }
    },
    "root_group": {
        "path": "",
        "id": "d41d8cd98f00b204e9800998ecf8427e",
        "groups": {},
        "checks": {
                "login status is 200": {
                    "name": "login status is 200",
                    "path": "::login status is 200",
                    "id": "baba87e761865dc93085ee0c1fe25f4c",
                    "passes": 400,
                    "fails": 0
                },
                "get assessment status is 200": {
                    "id": "9aa2e65ef0658f7e82a5b478216bf4dd",
                    "passes": 1712,
                    "fails": 0,
                    "name": "get assessment status is 200",
                    "path": "::get assessment status is 200"
                },
                "start exam status is 200": {
                    "name": "start exam status is 200",
                    "path": "::start exam status is 200",
                    "id": "5172bf0d6322ec01cfafa52b758659d5",
                    "passes": 1693,
                    "fails": 19
                },
                "system check status is 200": {
                    "path": "::system check status is 200",
                    "id": "7e1bedfd29285ba5da11a45912dd04bd",
                    "passes": 1686,
                    "fails": 3,
                    "name": "system check status is 200"
                },
                "telemetry update status is 200": {
                    "path": "::telemetry update status is 200",
                    "id": "a2d5b9c43a0663d31edd40583b73fbd7",
                    "passes": 1688,
                    "fails": 0,
                    "name": "telemetry update status is 200"
                },
                "violation log status is 200": {
                    "name": "violation log status is 200",
                    "path": "::violation log status is 200",
                    "id": "0b975aee2c805c133e5acd2e8f05b93c",
                    "passes": 343,
                    "fails": 0
                },
                "submit exam status is 200 or 202": {
                    "fails": 0,
                    "name": "submit exam status is 200 or 202",
                    "path": "::submit exam status is 200 or 202",
                    "id": "a9f5b8318a50be3ce9ed97d0b9b37985",
                    "passes": 1683
                },
                "submit feedback status is 200": {
                    "fails": 0,
                    "name": "submit feedback status is 200",
                    "path": "::submit feedback status is 200",
                    "id": "11abcb7ae912bec42a6360bbb2e87e15",
                    "passes": 1680
                }
            },
        "name": ""
    }
}