{
    "root_group": {
        "name": "",
        "path": "",
        "id": "d41d8cd98f00b204e9800998ecf8427e",
        "groups": {},
        "checks": {
                "login status is 200": {
                    "passes": 300,
                    "fails": 0,
                    "name": "login status is 200",
                    "path": "::login status is 200",
                    "id": "baba87e761865dc93085ee0c1fe25f4c"
                }
            }
    },
    "metrics": {
        "checks": {
            "passes": 300,
            "fails": 0,
            "value": 1
        },
        "http_req_blocked": {
            "p(90)": 519.0520500000005,
            "p(95)": 588.134605,
            "avg": 215.97897899999992,
            "min": 0,
            "med": 180.7271,
            "max": 1343.1088
        },
        "http_req_sending": {
            "max": 1595.9314,
            "p(90)": 93.2623,
            "p(95)": 409.10861000000034,
            "avg": 65.15919833333336,
            "min": 0,
            "med": 0.9977
        },
        "data_received": {
            "count": 158926,
            "rate": 3557.112902793974
        },
        "http_req_duration{expected_response:true}": {
            "p(90)": 41750.56908,
            "p(95)": 41827.797285,
            "avg": 39690.51259566668,
            "min": 29623.1511,
            "med": 40479.8313,
            "max": 42273.7116
        },
        "data_sent": {
            "rate": 1342.9317680407137,
            "count": 60000
        },
        "http_req_duration": {
            "max": 42273.7116,
            "p(90)": 41750.56908,
            "p(95)": 41827.797285,
            "avg": 39690.51259566668,
            "min": 29623.1511,
            "med": 40479.8313,
            "thresholds": {
                "p(95)<2500": true,
                "avg<1000": true
            }
        },
        "http_req_connecting": {
            "max": 1121.1166,
            "p(90)": 512.7687,
            "p(95)": 583.699765,
            "avg": 207.02971733333322,
            "min": 0,
            "med": 179.73035
        },
        "http_req_waiting": {
            "p(95)": 41605.884105000005,
            "avg": 38975.926694000016,
            "min": 29613.1752,
            "med": 39937.9309,
            "max": 41842.7478,
            "p(90)": 41412.4907
        },
        "vus_max": {
            "value": 300,
            "min": 162,
            "max": 300
        },
        "http_reqs": {
            "count": 300,
            "rate": 6.714658840203568
        },
        "vus": {
            "value": 18,
            "min": 0,
            "max": 300
        },
        "http_req_receiving": {
            "med": 264.85884999999996,
            "max": 6073.1611,
            "p(90)": 1803.5628,
            "p(95)": 2920.501545,
            "avg": 649.4267033333326,
            "min": 0
        },
        "iterations": {
            "count": 300,
            "rate": 6.714658840203568
        },
        "http_req_failed": {
            "passes": 0,
            "fails": 300,
            "thresholds": {
                "rate<0.01": false
            },
            "value": 0
        },
        "http_req_tls_handshaking": {
            "p(95)": 0,
            "avg": 0,
            "min": 0,
            "med": 0,
            "max": 0,
            "p(90)": 0
        },
        "iteration_duration": {
            "avg": 40939.596024333325,
            "min": 30770.0917,
            "med": 41716.4489,
            "max": 43591.6812,
            "p(90)": 42838.01281,
            "p(95)": 42964.752885
        }
    }
}