{
    "root_group": {
        "name": "",
        "path": "",
        "id": "d41d8cd98f00b204e9800998ecf8427e",
        "groups": {},
        "checks": {
                "login status is 200": {
                    "passes": 245,
                    "fails": 0,
                    "name": "login status is 200",
                    "path": "::login status is 200",
                    "id": "baba87e761865dc93085ee0c1fe25f4c"
                }
            }
    },
    "metrics": {
        "http_reqs": {
            "rate": 7.293844986496606,
            "count": 245
        },
        "http_req_duration{expected_response:true}": {
            "med": 7998.5685,
            "max": 19276.9511,
            "p(90)": 14653.022159999988,
            "p(95)": 19109.444,
            "avg": 8815.863033469383,
            "min": 2466.1568
        },
        "http_req_waiting": {
            "avg": 8504.57476571429,
            "min": 2466.1568,
            "med": 7897.0297,
            "max": 19263.9795,
            "p(90)": 14365.344559999987,
            "p(95)": 16450.0816
        },
        "vus_max": {
            "value": 75,
            "min": 75,
            "max": 75
        },
        "checks": {
            "fails": 0,
            "passes": 245,
            "value": 1
        },
        "http_req_connecting": {
            "avg": 4.767771836734691,
            "min": 0,
            "med": 0,
            "max": 67.8199,
            "p(90)": 17.9524,
            "p(95)": 23.883919999999996
        },
        "http_req_sending": {
            "med": 0,
            "max": 18.9486,
            "p(90)": 2.99234,
            "p(95)": 4.787659999999983,
            "avg": 0.72878612244898,
            "min": 0
        },
        "iteration_duration": {
            "avg": 9946.88800693878,
            "min": 3494.0533,
            "med": 9361.3938,
            "max": 20844.1604,
            "p(90)": 15763.190179999987,
            "p(95)": 20164.68562
        },
        "http_req_failed": {
            "passes": 0,
            "fails": 245,
            "thresholds": {
                "rate<0.01": false
            },
            "value": 0
        },
        "data_sent": {
            "count": 49000,
            "rate": 1458.7689972993212
        },
        "http_req_tls_handshaking": {
            "p(90)": 0,
            "p(95)": 0,
            "avg": 0,
            "min": 0,
            "med": 0,
            "max": 0
        },
        "http_req_receiving": {
            "avg": 310.55948163265293,
            "min": 0,
            "med": 0.9972,
            "max": 3568.3724,
            "p(90)": 1098.825839999999,
            "p(95)": 2617.3070999999964
        },
        "iterations": {
            "count": 245,
            "rate": 7.293844986496606
        },
        "http_req_blocked": {
            "p(90)": 19.283179999999987,
            "p(95)": 24.735019999999984,
            "avg": 4.977449387755099,
            "min": 0,
            "med": 0,
            "max": 68.8165
        },
        "data_received": {
            "count": 129586,
            "rate": 3857.878352735303
        },
        "http_req_duration": {
            "avg": 8815.863033469383,
            "min": 2466.1568,
            "med": 7998.5685,
            "max": 19276.9511,
            "p(90)": 14653.022159999988,
            "p(95)": 19109.444,
            "thresholds": {
                "avg<1000": true,
                "p(95)<2500": true
            }
        },
        "vus": {
            "min": 8,
            "max": 75,
            "value": 8
        }
    }
}