{
    "metrics": {
        "http_req_duration{expected_response:true}": {
            "p(95)": 53421.734090000005,
            "avg": 38923.34992434985,
            "min": 5621.1637,
            "med": 45339.7908,
            "max": 54090.6207,
            "p(90)": 53162.62622
        },
        "http_req_duration": {
            "avg": 38923.34992434985,
            "min": 5621.1637,
            "med": 45339.7908,
            "max": 54090.6207,
            "p(90)": 53162.62622,
            "p(95)": 53421.734090000005,
            "thresholds": {
                "p(95)<2500": true,
                "avg<1000": true
            }
        },
        "vus": {
            "min": 0,
            "max": 350,
            "value": 96
        },
        "http_req_receiving": {
            "avg": 565.0942955082738,
            "min": 0,
            "med": 224.5183,
            "max": 3963.2494,
            "p(90)": 1360.23112,
            "p(95)": 2797.0442
        },
        "vus_max": {
            "value": 350,
            "min": 145,
            "max": 350
        },
        "iteration_duration": {
            "max": 59645.0286,
            "p(90)": 54882.3033,
            "p(95)": 55772.20837,
            "avg": 40812.38291729732,
            "min": 6648.7321,
            "med": 48820.26435
        },
        "http_req_blocked": {
            "min": 0,
            "med": 1369.9133,
            "max": 5594.5904,
            "p(90)": 4238.22608,
            "p(95)": 4480.999419999998,
            "avg": 1654.448192671394
        },
        "checks": {
            "passes": 423,
            "fails": 0,
            "value": 1
        },
        "http_req_failed": {
            "passes": 0,
            "fails": 423,
            "thresholds": {
                "rate<0.01": false
            },
            "value": 0
        },
        "http_req_tls_handshaking": {
            "avg": 0,
            "min": 0,
            "med": 0,
            "max": 0,
            "p(90)": 0,
            "p(95)": 0
        },
        "data_sent": {
            "count": 84600,
            "rate": 1409.8116280193221
        },
        "data_received": {
            "count": 224078,
            "rate": 3734.134396965883
        },
        "http_req_waiting": {
            "p(90)": 52453.2347,
            "p(95)": 53152.85373,
            "avg": 38304.590570449196,
            "min": 5611.1583,
            "med": 45281.0743,
            "max": 53823.1984
        },
        "http_req_sending": {
            "p(90)": 114.97630000000026,
            "p(95)": 243.79165999999736,
            "avg": 53.665058392435,
            "min": 0,
            "med": 3.9882,
            "max": 4487.1379
        },
        "iterations": {
            "count": 370,
            "rate": 6.1658428175785955
        },
        "http_reqs": {
            "count": 423,
            "rate": 7.049058140096611
        },
        "http_req_connecting": {
            "med": 1349.9708,
            "max": 4988.693,
            "p(90)": 4232.4679399999995,
            "p(95)": 4393.05732,
            "avg": 1572.5169687943244,
            "min": 0
        }
    },
    "root_group": {
        "groups": {},
        "checks": {
                "login status is 200": {
                    "fails": 0,
                    "name": "login status is 200",
                    "path": "::login status is 200",
                    "id": "baba87e761865dc93085ee0c1fe25f4c",
                    "passes": 423
                }
            },
        "name": "",
        "path": "",
        "id": "d41d8cd98f00b204e9800998ecf8427e"
    }
}