{
    "root_group": {
        "name": "",
        "path": "",
        "id": "d41d8cd98f00b204e9800998ecf8427e",
        "groups": {},
        "checks": {
                "login status is 200": {
                    "id": "baba87e761865dc93085ee0c1fe25f4c",
                    "passes": 280,
                    "fails": 0,
                    "name": "login status is 200",
                    "path": "::login status is 200"
                }
            }
    },
    "metrics": {
        "http_req_duration": {
            "max": 37608.6268,
            "p(90)": 19715.416129999998,
            "p(95)": 34650.47703,
            "avg": 19240.70173642858,
            "min": 13667.7279,
            "med": 18393.24905,
            "thresholds": {
                "avg<1000": true,
                "p(95)<2500": true
            }
        },
        "vus_max": {
            "min": 150,
            "max": 150,
            "value": 150
        },
        "data_received": {
            "count": 148264,
            "rate": 3757.2074426441745
        },
        "http_req_connecting": {
            "avg": 321.23675392857143,
            "min": 0,
            "med": 36.9666,
            "max": 2644.6102,
            "p(90)": 1453.9848599999998,
            "p(95)": 1585.8655
        },
        "http_req_sending": {
            "max": 2491.8065,
            "p(90)": 26.37077999999998,
            "p(95)": 1395.3569650000009,
            "avg": 156.74190142857137,
            "min": 0,
            "med": 0.9962
        },
        "iteration_duration": {
            "p(90)": 20717.083189999998,
            "p(95)": 37018.385330000005,
            "avg": 20592.810411785726,
            "min": 15672.7578,
            "med": 19579.436,
            "max": 38729.6182
        },
        "http_req_receiving": {
            "avg": 27.766177142857146,
            "min": 0,
            "med": 1.1430500000000001,
            "max": 482.4306,
            "p(90)": 65.03094999999999,
            "p(95)": 160.6709800000003
        },
        "checks": {
            "fails": 0,
            "passes": 280,
            "value": 1
        },
        "vus": {
            "value": 54,
            "min": 54,
            "max": 150
        },
        "http_req_failed": {
            "passes": 0,
            "fails": 280,
            "thresholds": {
                "rate<0.01": false
            },
            "value": 0
        },
        "http_req_duration{expected_response:true}": {
            "avg": 19240.70173642858,
            "min": 13667.7279,
            "med": 18393.24905,
            "max": 37608.6268,
            "p(90)": 19715.416129999998,
            "p(95)": 34650.47703
        },
        "iterations": {
            "count": 280,
            "rate": 7.095573328254795
        },
        "http_req_waiting": {
            "avg": 19056.19365785714,
            "min": 13666.7297,
            "med": 18175.9551,
            "max": 35727.4965,
            "p(90)": 19715.416129999998,
            "p(95)": 34306.73467500001
        },
        "data_sent": {
            "rate": 1419.1146656509588,
            "count": 56000
        },
        "http_req_tls_handshaking": {
            "med": 0,
            "max": 0,
            "p(90)": 0,
            "p(95)": 0,
            "avg": 0,
            "min": 0
        },
        "http_reqs": {
            "count": 280,
            "rate": 7.095573328254795
        },
        "http_req_blocked": {
            "avg": 341.72329142857143,
            "min": 0,
            "med": 76.5226,
            "max": 2645.6044,
            "p(90)": 1476.94358,
            "p(95)": 1585.9412450000002
        }
    }
}