{
    "metrics": {
        "http_req_duration{expected_response:true}": {
            "avg": 14820.110539655163,
            "min": 3459.176,
            "med": 13543.33535,
            "max": 24128.4836,
            "p(90)": 21612.173100000004,
            "p(95)": 23355.405015
        },
        "http_req_waiting": {
            "avg": 14451.810134482756,
            "min": 3431.3468,
            "med": 13186.20955,
            "max": 23344.611,
            "p(90)": 21047.11459,
            "p(95)": 23088.14506
        },
        "data_received": {
            "count": 122850,
            "rate": 2046.9115640981108
        },
        "http_req_blocked": {
            "avg": 445.50124353448257,
            "min": 0,
            "med": 0,
            "max": 1895.9699,
            "p(90)": 1815.36034,
            "p(95)": 1828.49435
        },
        "http_reqs": {
            "count": 232,
            "rate": 3.8655554161234167
        },
        "checks": {
            "fails": 0,
            "passes": 232,
            "value": 1
        },
        "iterations": {
            "count": 232,
            "rate": 3.8655554161234167
        },
        "http_req_connecting": {
            "avg": 425.0009943965516,
            "min": 0,
            "med": 0,
            "max": 1870.5868,
            "p(90)": 1813.33954,
            "p(95)": 1825.40446
        },
        "http_req_sending": {
            "avg": 15.97112327586207,
            "min": 0,
            "med": 0,
            "max": 1029.7612,
            "p(90)": 1.9943899999999999,
            "p(95)": 2.51020999999999
        },
        "http_req_receiving": {
            "p(95)": 2817.890714999997,
            "avg": 352.3292818965519,
            "min": 0,
            "med": 33.209,
            "max": 4251.7326,
            "p(90)": 850.4612000000001
        },
        "http_req_duration": {
            "min": 3459.176,
            "med": 13543.33535,
            "max": 24128.4836,
            "p(90)": 21612.173100000004,
            "p(95)": 23355.405015,
            "avg": 14820.110539655163,
            "thresholds": {
                "avg<1000": true,
                "p(95)<2500": true
            }
        },
        "http_req_failed": {
            "passes": 0,
            "fails": 232,
            "thresholds": {
                "rate<0.01": false
            },
            "value": 0
        },
        "http_req_tls_handshaking": {
            "p(90)": 0,
            "p(95)": 0,
            "avg": 0,
            "min": 0,
            "med": 0,
            "max": 0
        },
        "data_sent": {
            "count": 65000,
            "rate": 1083.021991586302
        },
        "iteration_duration": {
            "p(95)": 26470.284709999996,
            "avg": 16411.690727586214,
            "min": 4702.8526,
            "med": 14544.2747,
            "max": 26694.3024,
            "p(90)": 23840.576730000004
        },
        "vus_max": {
            "value": 200,
            "min": 200,
            "max": 200
        },
        "vus": {
            "value": 93,
            "min": 93,
            "max": 200
        }
    },
    "root_group": {
        "name": "",
        "path": "",
        "id": "d41d8cd98f00b204e9800998ecf8427e",
        "groups": {},
        "checks": {
                "login status is 200": {
                    "id": "baba87e761865dc93085ee0c1fe25f4c",
                    "passes": 232,
                    "fails": 0,
                    "name": "login status is 200",
                    "path": "::login status is 200"
                }
            }
    }
}