{
    "root_group": {
        "name": "",
        "path": "",
        "id": "d41d8cd98f00b204e9800998ecf8427e",
        "groups": {},
        "checks": {
                "login status is 200": {
                    "fails": 0,
                    "name": "login status is 200",
                    "path": "::login status is 200",
                    "id": "baba87e761865dc93085ee0c1fe25f4c",
                    "passes": 175
                }
            }
    },
    "metrics": {
        "iterations": {
            "count": 175,
            "rate": 5.694873457340949
        },
        "http_reqs": {
            "count": 175,
            "rate": 5.694873457340949
        },
        "http_req_blocked": {
            "avg": 1.14286,
            "min": 0,
            "med": 0,
            "max": 14.3026,
            "p(90)": 5.185839999999988,
            "p(95)": 9.973
        },
        "http_req_connecting": {
            "max": 13.4754,
            "p(90)": 3.9892,
            "p(95)": 8.9754,
            "avg": 1.0582274285714284,
            "min": 0,
            "med": 0
        },
        "http_req_duration{expected_response:true}": {
            "max": 5085.008,
            "p(90)": 3997.82194,
            "p(95)": 4142.977479999998,
            "avg": 3285.6322125714278,
            "min": 2142.9376,
            "med": 3179.4978
        },
        "http_req_receiving": {
            "avg": 2.2760811428571426,
            "min": 0,
            "med": 0.7841,
            "max": 41.8875,
            "p(90)": 3.9901,
            "p(95)": 8.787619999999947
        },
        "checks": {
            "fails": 0,
            "passes": 175,
            "value": 1
        },
        "iteration_duration": {
            "avg": 4383.141845142858,
            "min": 3328.1659,
            "med": 4193.7435,
            "max": 6217.7984,
            "p(90)": 5087.6070199999995,
            "p(95)": 5725.994379999999
        },
        "http_req_failed": {
            "passes": 0,
            "fails": 175,
            "thresholds": {
                "rate<0.01": false
            },
            "value": 0
        },
        "vus": {
            "max": 25,
            "value": 25,
            "min": 25
        },
        "data_sent": {
            "count": 35000,
            "rate": 1138.9746914681898
        },
        "http_req_duration": {
            "med": 3179.4978,
            "max": 5085.008,
            "p(90)": 3997.82194,
            "p(95)": 4142.977479999998,
            "avg": 3285.6322125714278,
            "min": 2142.9376,
            "thresholds": {
                "avg<1000": true,
                "p(95)<2500": true
            }
        },
        "http_req_sending": {
            "avg": 2.1525571428571433,
            "min": 0,
            "med": 0,
            "max": 305.4492,
            "p(90)": 0.997,
            "p(95)": 1.9946
        },
        "data_received": {
            "rate": 3006.8931854760212,
            "count": 92400
        },
        "vus_max": {
            "value": 25,
            "min": 25,
            "max": 25
        },
        "http_req_tls_handshaking": {
            "avg": 0,
            "min": 0,
            "med": 0,
            "max": 0,
            "p(90)": 0,
            "p(95)": 0
        },
        "http_req_waiting": {
            "med": 3179.4978,
            "max": 5085.008,
            "p(90)": 3996.32586,
            "p(95)": 4142.5738299999975,
            "avg": 3281.2035742857156,
            "min": 2142.9376
        }
    }
}