{
    "root_group": {
        "path": "",
        "id": "d41d8cd98f00b204e9800998ecf8427e",
        "groups": {},
        "checks": {
                "login status is 200": {
                    "name": "login status is 200",
                    "path": "::login status is 200",
                    "id": "baba87e761865dc93085ee0c1fe25f4c",
                    "passes": 1295,
                    "fails": 1013
                }
            },
        "name": ""
    },
    "metrics": {
        "http_req_tls_handshaking": {
            "p(95)": 0,
            "avg": 0,
            "min": 0,
            "med": 0,
            "max": 0,
            "p(90)": 0
        },
        "http_reqs": {
            "count": 2308,
            "rate": 11.326545118258956
        },
        "http_req_sending": {
            "avg": 4.383595277296354,
            "min": 0,
            "med": 0,
            "max": 944.6661,
            "p(90)": 1.9953,
            "p(95)": 5.1519
        },
        "http_req_blocked": {
            "min": 0,
            "med": 6.9780999999999995,
            "max": 3826.167,
            "p(90)": 708.92246,
            "p(95)": 815.8912,
            "avg": 186.46609475736562
        },
        "checks": {
            "passes": 1295,
            "fails": 1013,
            "value": 0.5610918544194108
        },
        "http_req_waiting": {
            "avg": 45745.47912746974,
            "min": 22.3871,
            "med": 44636.330799999996,
            "max": 67977.205,
            "p(90)": 65785.5675,
            "p(95)": 65880.171595
        },
        "http_req_duration{expected_response:true}": {
            "avg": 31824.88001583016,
            "min": 1086.94,
            "med": 33790.68,
            "max": 60868.6387,
            "p(90)": 45631.7411,
            "p(95)": 54265.449839999994
        },
        "http_req_duration": {
            "avg": 46139.263761568414,
            "min": 22.3871,
            "med": 44875.706699999995,
            "max": 67989.1733,
            "p(90)": 65790.6863,
            "p(95)": 65880.976475,
            "thresholds": {
                "avg<1000": true,
                "p(95)<2500": true
            }
        },
        "http_req_receiving": {
            "med": 0,
            "max": 8077.8019,
            "p(90)": 1152.920680000001,
            "p(95)": 2053.527015,
            "avg": 389.40103882149066,
            "min": 0
        },
        "data_sent": {
            "count": 461602,
            "rate": 2265.318838682223
        },
        "data_received": {
            "count": 688752,
            "rate": 3380.060919970144
        },
        "iteration_duration": {
            "p(95)": 201653.278345,
            "avg": 86527.83512357014,
            "min": 2383.7251,
            "med": 46084.63245,
            "max": 203139.1908,
            "p(90)": 201270.3959
        },
        "iterations": {
            "count": 2308,
            "rate": 11.326545118258956
        },
        "vus": {
            "value": 331,
            "min": 255,
            "max": 1000
        },
        "vus_max": {
            "value": 1000,
            "min": 1000,
            "max": 1000
        },
        "http_req_connecting": {
            "min": 0,
            "med": 5.9846,
            "max": 3053.2515,
            "p(90)": 706.9273,
            "p(95)": 809.9073850000001,
            "avg": 183.30322383015607
        },
        "http_req_failed": {
            "passes": 1013,
            "fails": 1295,
            "thresholds": {
                "rate<0.01": true
            },
            "value": 0.43890814558058927
        }
    }
}