{
    "root_group": {
        "name": "",
        "path": "",
        "id": "d41d8cd98f00b204e9800998ecf8427e",
        "groups": {},
        "checks": {
                "login status is 200": {
                    "name": "login status is 200",
                    "path": "::login status is 200",
                    "id": "baba87e761865dc93085ee0c1fe25f4c",
                    "passes": 110,
                    "fails": 0
                }
            }
    },
    "metrics": {
        "http_reqs": {
            "count": 110,
            "rate": 3.5752985418973715
        },
        "http_req_waiting": {
            "p(90)": 2193.6224899999997,
            "p(95)": 3719.706135,
            "avg": 1789.6785236363635,
            "min": 1369.3474,
            "med": 1508.9494,
            "max": 3747.9514
        },
        "vus": {
            "min": 10,
            "max": 10,
            "value": 10
        },
        "http_req_failed": {
            "passes": 0,
            "fails": 110,
            "thresholds": {
                "rate<0.01": false
            },
            "value": 0
        },
        "http_req_duration{expected_response:true}": {
            "avg": 1791.8596227272726,
            "min": 1370.3433,
            "med": 1509.3836000000001,
            "max": 3754.934,
            "p(90)": 2198.19668,
            "p(95)": 3720.86684
        },
        "http_req_sending": {
            "min": 0,
            "med": 0,
            "max": 12.47,
            "p(90)": 0.5227800000000002,
            "p(95)": 0.9981,
            "avg": 0.2137518181818182
        },
        "data_received": {
            "count": 58080,
            "rate": 1887.757630121812
        },
        "vus_max": {
            "min": 10,
            "max": 10,
            "value": 10
        },
        "http_req_receiving": {
            "p(90)": 4.173940000000003,
            "p(95)": 6.2615349999999985,
            "avg": 1.9673472727272736,
            "min": 0,
            "med": 1.1559,
            "max": 25.9685
        },
        "checks": {
            "passes": 110,
            "fails": 0,
            "value": 1
        },
        "data_sent": {
            "count": 22000,
            "rate": 715.0597083794743
        },
        "http_req_duration": {
            "avg": 1791.8596227272726,
            "min": 1370.3433,
            "med": 1509.3836000000001,
            "max": 3754.934,
            "p(90)": 2198.19668,
            "p(95)": 3720.86684,
            "thresholds": {
                "avg<1000": true,
                "p(95)<2500": true
            }
        },
        "http_req_blocked": {
            "p(95)": 3.0913349999999946,
            "avg": 0.3899799999999999,
            "min": 0,
            "med": 0,
            "max": 7.1663,
            "p(90)": 0.5217700000000002
        },
        "http_req_connecting": {
            "p(90)": 0,
            "p(95)": 3.0911549999999943,
            "avg": 0.36326454545454545,
            "min": 0,
            "med": 0,
            "max": 7.1663
        },
        "iterations": {
            "count": 110,
            "rate": 3.5752985418973715
        },
        "iteration_duration": {
            "max": 4762.5523,
            "p(90)": 3199.4655900000002,
            "p(95)": 4729.86472,
            "avg": 2794.3630718181826,
            "min": 2371.4222,
            "med": 2510.24825
        },
        "http_req_tls_handshaking": {
            "p(95)": 0,
            "avg": 0,
            "min": 0,
            "med": 0,
            "max": 0,
            "p(90)": 0
        }
    }
}