{
    "root_group": {
        "checks": {
            "login status is 200": {
                "name": "login status is 200",
                "path": "::login status is 200",
                "id": "baba87e761865dc93085ee0c1fe25f4c",
                "passes": 286,
                "fails": 0
            }
        },
        "name": "",
        "path": "",
        "id": "d41d8cd98f00b204e9800998ecf8427e",
        "groups": {}
    },
    "metrics": {
        "http_req_tls_handshaking": {
            "p(95)": 0,
            "avg": 0,
            "min": 0,
            "med": 0,
            "max": 0,
            "p(90)": 0
        },
        "http_req_failed": {
            "fails": 286,
            "passes": 0,
            "thresholds": {
                "rate<0.01": false
            },
            "value": 0
        },
        "http_req_receiving": {
            "med": 109.7394,
            "max": 8060.2359,
            "p(90)": 1695.83635,
            "p(95)": 2276.6229749999998,
            "avg": 577.1510919580417,
            "min": 0
        },
        "http_req_blocked": {
            "min": 0,
            "med": 147.97695,
            "max": 254.7024,
            "p(90)": 185.1454,
            "p(95)": 192.147275,
            "avg": 137.57210524475522
        },
        "data_sent": {
            "count": 102200,
            "rate": 1695.9250915927323
        },
        "http_req_sending": {
            "min": 0,
            "med": 1.9945,
            "max": 132.0182,
            "p(90)": 19.9469,
            "p(95)": 56.3165,
            "avg": 9.469711538461532
        },
        "iterations": {
            "count": 275,
            "rate": 4.563399219060679
        },
        "http_req_duration": {
            "min": 25565.3962,
            "med": 57534.524600000004,
            "max": 59117.6753,
            "p(90)": 58182.4737,
            "p(95)": 58231.524424999996,
            "avg": 52113.997888811195,
            "thresholds": {
                "avg<1000": true,
                "p(95)<2500": true
            }
        },
        "vus_max": {
            "value": 500,
            "min": 500,
            "max": 500
        },
        "vus": {
            "value": 236,
            "min": 236,
            "max": 500
        },
        "iteration_duration": {
            "avg": 53325.34558072729,
            "min": 26980.3784,
            "med": 59010.4596,
            "max": 59616.8152,
            "p(90)": 59534.28824,
            "p(95)": 59558.23878
        },
        "http_req_connecting": {
            "avg": 136.83755034965034,
            "min": 0,
            "med": 147.4756,
            "max": 224.3279,
            "p(90)": 184.7374,
            "p(95)": 191.15052500000002
        },
        "http_req_waiting": {
            "med": 57240.958150000006,
            "max": 59061.3599,
            "p(90)": 58073.4672,
            "p(95)": 58136.541325,
            "avg": 51527.37708531472,
            "min": 25561.4068
        },
        "data_received": {
            "count": 156418,
            "rate": 2595.6282874437575
        },
        "http_reqs": {
            "count": 286,
            "rate": 4.745935187823107
        },
        "http_req_duration{expected_response:true}": {
            "med": 57534.524600000004,
            "max": 59117.6753,
            "p(90)": 58182.4737,
            "p(95)": 58231.524424999996,
            "avg": 52113.997888811195,
            "min": 25565.3962
        },
        "checks": {
            "passes": 286,
            "fails": 0,
            "value": 1
        }
    }
}