{
    "root_group": {
        "groups": {},
        "checks": {
                "login status is 200": {
                    "passes": 1320,
                    "fails": 313,
                    "name": "login status is 200",
                    "path": "::login status is 200",
                    "id": "baba87e761865dc93085ee0c1fe25f4c"
                }
            },
        "name": "",
        "path": "",
        "id": "d41d8cd98f00b204e9800998ecf8427e"
    },
    "metrics": {
        "iteration_duration": {
            "avg": 60523.40608683404,
            "min": 10147.2558,
            "med": 42580.0528,
            "max": 200339.6745,
            "p(90)": 147694.77494,
            "p(95)": 192658.99625999999
        },
        "vus_max": {
            "min": 500,
            "max": 500,
            "value": 500
        },
        "data_received": {
            "count": 700574,
            "rate": 3469.1735478626274
        },
        "http_req_duration": {
            "p(90)": 60022.8654,
            "p(95)": 60218.70588,
            "avg": 42513.94747850578,
            "min": 8770.251,
            "med": 41455.0201,
            "max": 60419.2966,
            "thresholds": {
                "avg<1000": true,
                "p(95)<2500": true
            }
        },
        "vus": {
            "value": 62,
            "min": 62,
            "max": 500
        },
        "http_req_blocked": {
            "max": 581.4446,
            "p(90)": 277.6121999999999,
            "p(95)": 388.7724,
            "avg": 57.45537936313536,
            "min": 0,
            "med": 0
        },
        "http_req_tls_handshaking": {
            "med": 0,
            "max": 0,
            "p(90)": 0,
            "p(95)": 0,
            "avg": 0,
            "min": 0
        },
        "data_sent": {
            "count": 326600,
            "rate": 1617.2910795032844
        },
        "http_req_connecting": {
            "avg": 56.33714537660751,
            "min": 0,
            "med": 0,
            "max": 581.4446,
            "p(90)": 273.61911999999995,
            "p(95)": 386.77538000000004
        },
        "http_reqs": {
            "count": 1633,
            "rate": 8.086455397516422
        },
        "http_req_duration{expected_response:true}": {
            "p(95)": 55258.99073,
            "avg": 38353.20984174239,
            "min": 8770.251,
            "med": 38808.6844,
            "max": 59820.3009,
            "p(90)": 53062.4844
        },
        "iterations": {
            "count": 1633,
            "rate": 8.086455397516422
        },
        "checks": {
            "passes": 1320,
            "fails": 313,
            "value": 0.8083282302510717
        },
        "http_req_sending": {
            "min": 0,
            "med": 0,
            "max": 393.4565,
            "p(90)": 1.9944,
            "p(95)": 8.9742,
            "avg": 1.6633019595835838
        },
        "http_req_waiting": {
            "avg": 41149.76677152483,
            "min": 8527.6429,
            "med": 39943.1952,
            "max": 60419.2966,
            "p(90)": 60021.6678,
            "p(95)": 60218.70588
        },
        "http_req_failed": {
            "passes": 313,
            "fails": 1320,
            "thresholds": {
                "rate<0.01": true
            },
            "value": 0.19167176974892836
        },
        "http_req_receiving": {
            "p(90)": 3926.5919,
            "p(95)": 5603.362659999997,
            "avg": 1362.517405021433,
            "min": 0,
            "med": 568.5523,
            "max": 10986.6239
        }
    }
}